Recommandabilit√©,Recommandation,Pr√©cisions,QA mauvaise,Axe routier,Jardin,Balcon/Terrasse,V√©lo/trottinette/skateboard,Transports en commun,Voiture,Deux roues motoris√©,Activit√© physique,Allergies,Enfants,Niveau de difficult√©,Autres conditions,Sources,Cat√©gorie,Objectif
Utilisable,A√©rer au moins 10 minutes par jour en ouvrant les fen√™tres pour cr√©er un courant d'air dans la pi√®ce.,"‚ÑπÔ∏è L'air int√©rieur que nous respirons 80 % de notre temps (chez nous, au travail, dans les transports en commun...) est 5 √† 7 fois plus pollu√© que l'air ext√©rieur.",,,,,,,,,,,,Facile,"Pas de conditions particuli√®res, s'applique √† l'ensemble de la population.",Infographie MSS : https://solidarites-sante.gouv.fr/IMG/pdf/a4_airinterieur.pdf,Air int√©rieur,Agir pour sa sant√©
Utilisable,"‚ö†Ô∏èA√©rer son logement au moins 10 minutes, de pr√©f√©rence t√¥t le matin ou tard le soir, en dehors des heures de pointe, en privil√©giant les fen√™tres qui ne donnent pas sur une voie √† fort trafic routier.",‚ÑπÔ∏è Les heures de pointe sont g√©n√©ralement entre 7h-10h et entre 17h-20h.,x,x,,,,,,,,,,Facile,Concerne les personnes vivant pr√®s d'un axe routier ou ponctuellement les personnes √©tant dans une zone en pic de pollution,"Infographies MSS : 
 https://solidarites-sante.gouv.fr/IMG/pdf/pollution_generale.pdf 
 https://solidarites-sante.gouv.fr/IMG/pdf/pollution_enfants.pdf
 https://solidarites-sante.gouv.fr/IMG/pdf/pollution_age.pdf",Air int√©rieur,Agir pour sa sant√©
Utilisable,"Nettoyez le plus souvent possible sans produits chimiques avec de la vapeur d'eau, des chiffons humides ou en microfibres.

",‚ÑπÔ∏è Les produits m√©nagers courants contiennent des substances issues de la p√©trochimie nocives pour la sant√©. Pour en savoir plus : https://huit.re/infographie-ademe,,,,,,,,,,,,Interm√©diaire,"Pas de conditions particuli√®res, s'applique √† l'ensemble de la population.",ATMO,Air int√©rieur,Agir pour sa sant√©
Utilisable,Privil√©gier l'achats de produits m√©nagers lab√©lis√©s √âcolabel europ√©en. ,‚ÑπÔ∏è L‚Äô√âcolabel europ√©en est un label √©cologique officiel europ√©en qui promeut des produits respectueux de l‚Äôenvironnement et de la sant√© tout au long du cycle de vie. Pour en savoir plus : https://huit.re/infographie-ademe,,,,,,,,,,,,, ,,,
Utilisable,"Pour vos t√¢ches m√©nag√®res, limitez-vous aux quelques produits qui vous semblent indispensables et r√©duisez les quantit√©s utilis√©es ; 
","‚ÑπÔ∏è Eviter les produits suivants : eau de javel, d√©boucheurs de canalisation, vaporisateurs (d√©capants pour four, lave-vitres, d√©sodorisants, assainissants). Pour en savoir plus : https://huit.re/infographie-ademe",,,,,,,,,,,,,,,,
Utilisable,"Respectez les doses d‚Äôutilisation des produits d‚Äôentretien, d‚Äôhygi√®ne et de bricolage conseill√©es sur l‚Äô√©tiquette.
",‚ÑπÔ∏è Les produits d'entretien et de bricolage courants contiennent des substances issues de la p√©trochimie nocives pour la sant√©. Pour en savoir plus : https://huit.re/infographie-ademe,,,,,,,,,,,,,,,,
Utilisable,A√©rez tr√®s largement pendant et apr√®s vos activit√©s de nettoyage,‚ÑπÔ∏è Les produits m√©nagers courants contiennent des substances issues de la p√©trochimie nocives pour la sant√©. Pour en savoir plus : https://huit.re/infographie-ademe,,,,,,,,,,,,,,,,
Utilisable,Utiliser des produits d'entretiens naturels pour les t√¢ches m√©nag√®res.,"üí°Le savon noir, le bicarbonate de soude, le vinaigre blanc, le citron... Pour en savoir plus : https://huit.re/infographie-ademe",,,,,,,,,,,,,,,,
Doute,"En voiture, √©viter d‚Äôa√©rer son v√©hicule √† proximit√© d‚Äôautres sources de pollution, par exemple en zone de trafic dense ou dans les tunnels.","Creuser quel type d'a√©ration on parle
Avis Airparif",,,,,,,x,x,,,,Facile,Automobilistes. ,"MSS/Arr√™t√© Minist√©riel suite √† l'avis de l'HCSP
",Air int√©rieur,Agir pour sa sant√©
Non-utilisable,"En voiture, √©viter d‚Äôa√©rer son v√©hicule pendant les moments de la journ√©e o√π le niveau de pollution est le plus √©lev√©.","Pr√©ciser quel type d'a√©ration on parle ; il faut qu'on renseigne ""le niveau de pollution le plus √©lev√©"".",x,,,,,,x,x,,,,Facile,Automobilistes. ,"""MSS/Arr√™t√© Minist√©riel suite √† l'avis de l'HCSP
A noter que cet arr√™t√© ne fait pas exactement cette reco, il recommande : """"Limitez/Evitez les d√©placements sur les grands axes routiers et √† leurs abords, aux p√©riodes de pointe (horaires √† pr√©ciser √©ventuellement au niveau local).""""""
",Air int√©rieur,Agir pour sa sant√©
Utilisable,"Eviter les zones √† fort trafic routier, aux p√©riodes de pointe (entre 7h-10h et 17h-20h).",,,,,,,,,,,,,Interm√©diaire,"Population g√©n√©rale, notamment en cas de pic de pollution PM10, NO2, SO2.",ATMO,D√©placements,Agir pour sa sant√©
Utilisable,"‚ö†Ô∏èEn ext√©rieur, privil√©gier des activit√©s physiques mod√©r√©es.","Une ""activit√© mod√©r√©e"" est par exemples : marcher d'un pas vif, danser, jardiner, s'acquitter de travaux m√©nagers,
participer activement √† des jeux et sports avec des enfants, sortir son animal domestique, faire du bricolage, d√©placer de lourdes charges. (Source : OMS)",x,,,,,,,,x,,,Facile,"Population g√©n√©rale, en cas de pic de pollution d'O3.",MSS,Activit√© physique,Agir pour sa sant√©
Utilisable,‚ö†Ô∏èLes activit√©s physiques et sportives intenses (dont les comp√©titions) √† l‚Äôint√©rieur peuvent √™tre maintenues.,"Une ""activit√© physique intense"" est par exemples : courir, grimper une c√¥te √† vive allure, faire du v√©lo √† vive allure, faire de l'a√©robic, nager √† vive l'allure, faire des sports et jeux de comp√©tition (par ex. jeux traditionnels, football, volleyball, hockey, basketball). (Source : OMS)",x,,,,,,,,x,,,Facile,"Population g√©n√©rale, en cas de pic de pollution d'O3.",MSS,Activit√© physique,Agir pour sa sant√©
Utilisable,"Ne pas fumer √† l'int√©rieur, m√™me avec les fen√™tres ouvertes.","‚ÑπÔ∏è L'air int√©rieur que nous respirons 80 % de notre temps (chez nous, au travail, dans les transports en commun...) est 5 √† 7 fois plus pollu√© que l'air ext√©rieur.",,,,,,,,,,,,Facile,"Pas de conditions particuli√®res, s'applique aux fumeurs.",Guide de la pollution de l'air int√©rieur de l'Inpes,Air int√©rieur,Agir pour sa sant√©
Non-utilisable,"‚ö†Ô∏èEn cas de sortie pour pratiquer une activit√© physique, ne pas oublier son traitement d'urgence.",,x,,,,,,,,x,,,Facile,"Personnes atteintes de pathologies respiratoires ou allergiques, notamment en cas de mauvaise qualit√© de l'air et/ou de pic de pollens. ",MSS,D√©placements,Agir pour sa sant√©
Non-utilisable,Prendre son traitement de mani√®re pr√©ventive avant une activit√© physique.,,,,,,,,,,x,,,,Personnes atteintes de pathologies respiratoires ou allergiques,Allergologue,Activit√© physique,Agir pour sa sant√©
Utilisable,"En cas de g√™ne respiratoire ou cardiaque (par exemple : essoufflement, sifflement, palpitations), prendre conseil aupr√®s d‚Äôun professionnel de sant√©.",,x,,,,,,,,,,,Facile,"Pas de conditions particuli√®res, s'applique √† l'ensemble de la population.",MSS,Pr√©vention,Agir pour sa sant√©
Utilisable,"Sur la route, adopter une conduite souple, sans √†-coups, en respectant les limitations de vitesse."," ‚ÑπÔ∏è10 km/h en moins permettent d‚Äô√©conomiser jusqu‚Äô√† 5 litres de carburant et de r√©duire de 12,5 % (soit 12 kg) les √©missions de CO2 sur 500 km. Source",,,,,,,x,x,,,,Facile,Automobilistes et motard,"ATMO
https://www.airparif.asso.fr/_pdf/les-petits-gestes-au-quotidien.pdf",D√©placements,Agir pour la qualit√© de l'air
Utilisable,"‚ö†Ô∏èEn tant que personne sensible, il est conseill√© de privil√©gier des sorties plus br√®ves et celles qui demandent le moins d‚Äôeffort.",,x,,,,,,,,,,,Facile,"Personnes sensibles et vuln√©rables, en cas d'√©pisode de pollution.",MSS,D√©placements,Agir pour sa sant√©
Utilisable,Privil√©gier un appareil performant labellis√© pour le chauffage au bois (Le label Flamme verte garantit des appareils de chauffage au bois r√©pondant aux normes de performance √©merg√©tique et de limitation des √©missions polluantes).,"üí°La combustion de biomasse (feux de chemin√©e, feux agricoles et feux de jardins) est responsable de 50 √† 70 % de la pollution carbone hivernale en Europe. Source Anses",,,,,,,,,,,,Interm√©diaire,Personnes utilisant le chauffage au bois,ATMO,Equipements domestiques,Agir pour la qualit√© de l'air
Utilisable,‚ö†Ô∏èPrivil√©gier les transports en commun plut√¥t que la voiture afin de limiter les √©missions de polluants dans l'air.,"‚ÑπÔ∏è60% des trajets effectu√©s en voiture en France font moins de 5 km ! Pour calculer l'impact de vos d√©placements sur le climat, essayez le simulateur Ecolab. ",x,,,,,x,x,x,,,,Facile,"Population g√©n√©rale, notamment en cas de pic de pollution.",ATMO,D√©placements,Agir pour la qualit√© de l'air
Utilisable,"‚ö†Ô∏èPrivil√©gier la mobilit√© douce (v√©lo, marche).","La marche et le v√©lo sont des modes de d√©placement peu on√©reux, rapides, b√©n√©fiques pour la sant√© et l‚Äôenvironnement. Ils constituent des outils pr√©cieux au service de la transition √©cologique. Pour favoriser leur utilisation, le minist√®re charg√© des transports a mis en place plusieurs initiatives et aides financi√®res.",x,,,,x,,,,,,,Facile,"Population g√©n√©rale, notamment en cas de pic de pollution.",ATMO,D√©placements,Agir pour la qualit√© de l'air
Utilisable,‚ö†Ô∏èEviter les activit√©s physiques et sportives intenses (dont les comp√©titions) en plein air ; celles peu intenses √† l‚Äôint√©rieur peuvent √™tre maintenues.,"Une ""activit√© physique intense"" est par exemples : courir, grimper une c√¥te √† vive allure, faire du v√©lo √† vive allure, faire de l'a√©robic, nager √† vive l'allure, faire des sports et jeux de comp√©tition (par ex. jeux traditionnels, football, volleyball, hockey, basketball). (Source : OMS)",x,,,,,,,,x,,,Facile,"Personnes sensibles et vuln√©rables, en cas de pic d'03, PM10.",MSS/Arr√™t√© Minist√©riel suite √† l'avis de l'HCSP,Activit√© physique,Agir pour sa sant√©
Utilisable,"‚ö†Ô∏èR√©duire, voire reporter, les activit√©s physiques et sportives intenses (dont les comp√©titions).","Une ""activit√© physique intense"" est par exemples : courir, grimper une c√¥te √† vive allure, faire du v√©lo √† vive allure, faire de l'a√©robic, nager √† vive l'allure, faire des sports et jeux de comp√©tition (par ex. jeux traditionnels, football, volleyball, hockey, basketball). (Source : OMS)",x,,,,,,,,x,,,Facile,"Concerne toute la population, en cas de pic de NO2 et SO2.",MSS/Arr√™t√© Minist√©riel suite √† l'avis de l'HCSP,Activit√© physique,Agir pour sa sant√©
Utilisable,"Si vous ressentez une g√™ne respiratoire ou cardiaque (essoufflement, sifflement, palpitations‚Ä¶), signalez-le √† votre m√©decin",,x,,,,,,,,,,,Facile,"Concerne les personnes ayant des pathologies respiratoires, en cas de pic de pollen et/ou de pic de pollution",MSS,Pr√©vention,Agir pour sa sant√©
Utilisable,"Faites un diagnostic de la qualit√© de votre air int√©rieur gr√¢ce √† cet outil gratuit : ""Un bon air chez moi""","‚ÑπÔ∏è ""Un bon air chez moi"" est un site d√©velopp√© par le Minist√®re de la Transition Ecologique et Solidaire pour sensibiliser sur l'air int√©rieur. Vous pouvez r√©pondre en 5 minutes au premier quizz sur le th√®me ""A√©ration, humidit√© et chauffage"".",,,,,,,,,,,,Facile,"Population g√©n√©rale, sans conditions.",ADEME / https://particuliers.ademe.fr/maison/menage/comment-assainir-lair-partout-dans-la-maison,Pr√©vention,Agir pour sa sant√©
Doute,"R√©aliser une enqu√™te sur la qualit√© de l‚Äôair √† votre domicile, effectu√©e par un conseiller m√©dical en environnement int√©rieur (CMEI).",Renconter un CMEI,,,,,,,,,,,,Interm√©diaire,"Sur prescription m√©dicale, pour les personne ayant des pathologies respiratoires.",ADEME / https://particuliers.ademe.fr/maison/menage/comment-assainir-lair-partout-dans-la-maison,Pr√©vention,Agir pour sa sant√©
Non-utilisable,Acheter local et de saison dans la mesure du possible,,,,,,,,,,,,,Interm√©diaire,"Population g√©n√©rale, sans conditions.",ATMO,Consommation,Agir pour la qualit√© de l'air
Utilisable,Il est interdit de br√ªler ses d√©chets verts en ext√©rieur.  ,"‚ÑπÔ∏èIl est conseill√© de les apporter en d√©ch√®terie ou de les recycler pour votre jardin sous forme de compost.
üí°La combustion de biomasse (feux de chemin√©e, feux agricoles et feux de jardins) est responsable de 50 √† 70 % de la pollution carbone hivernale en Europe. Source Anses",,,x,,,,,,,,,Facile,Personnes ayant un jardin ou pratiquant une activit√© agricole. ,ATMO,Activit√©s de jardinage,Agir pour la qualit√© de l'air
Doute,"En jardinant, √©viter d'utiliser des pesticides chimiques. Utiliser des produits naturels (comme un m√©lange vinaigre blanc, eau et sel), ou des produits labellis√©s (Ecolabel).",,,,x,,,,,,,,,Interm√©diaire,Personnes ayant un jardin ou pratiquant une activit√© agricole. ,"ATMO, https://www.atmo-nouvelleaquitaine.org/article/les-bons-gestes-adopter-dans-mon-jardin",Activit√©s de jardinage,Agir pour la qualit√© de l'air
Non-utilisable,"Eviter d'utiliser des engrais chimiques. Utiliser des produits (marc de caf√©, coquilles d'oeuf, peau de banane, l'eau de cuisson des pommes de terre).","‚ÑπÔ∏è Les substances pr√©sentes dans les engrais chimiques ont des effets n√©fastes sur la sant√© et sur l'environnement.¬†

üí°Utiliser des engrais issus de votre propre consommation : par exemple, le¬†marc de caf√©, les coquilles d'oeuf, la peau de banane, ou encore l'eau de cuisson des pommes de terre.",,,x,,,,,,,,,Interm√©diaire,Personnes ayant un jardin ou pratiquant une activit√© agricole. ,https://www.atmo-nouvelleaquitaine.org/article/les-bons-gestes-adopter-dans-mon-jardin,Activit√©s de jardinage,Agir pour la qualit√© de l'air
Utilisable,"Veiller √† ce qu‚Äôil y ait toujours un espace d‚Äôenviron 2 cm sous vos portes int√©rieures pour permettre √† l‚Äôair de circuler. 
","‚ÑπÔ∏èL'air int√©rieur que nous respirons 80 % de notre temps (chez nous, au travail, dans les transports en commun...) est 5 √† 7 fois plus pollu√© que l'air ext√©rieur.
üí°Alternative possible : fermer les portes le moins possible.
",,,,,,,,,,,,Interm√©diaire,Population g√©n√©rale,"ADEME / https://particuliers.ademe.fr/maison/menage/comment-assainir-lair-partout-dans-la-maison
Guide ""ventilation"" ADEME : https://www.ademe.fr/ventilation-indispensable-logement-confortable-sain ",Air int√©rieur,Agir pour sa sant√©
Doute,Privil√©gier le covoiturage √† l'usage individuel de la voiture.,"‚ÑπÔ∏èUn salari√© automobiliste qui habite √† 30 km de son lieu de travail et qui covoiture quotidiennement en alternance avec un voisin ou un coll√®gue √©conomise pr√®s de 2 000 ‚Ç¨ chaque ann√©e. Source
üí°Deux personnes dans une voiture, c‚Äôest deux fois moins de pollution !",,,,,,x,x,,,,,Facile,Automobilistes.,ATMO,D√©placements,Agir pour la qualit√© de l'air
Utilisable,"Ouvrez vos fen√™tres apr√®s avoir pris une douche, √©tendu du linge humide pour le faire s√©cher, cuisin√©, pass√© l‚Äôaspirateur, fait le m√©nage, bricol√©‚Ä¶","‚ÑπÔ∏è On retrouve plus de 900 substances chimiques dans notre air int√©rieur. Ces substances √©manent des vapeurs et fum√©es de cuisine, des produits d'entretien et de bricolage, ou encore des moisissures li√©es √† l'humidit√© du logement.",,,,,,,,,,,,Facile,Population g√©n√©rale,"ADEME / https://particuliers.ademe.fr/maison/menage/comment-assainir-lair-partout-dans-la-maison
Guide de la pollution de l'air int√©rieur de l'Inpes",Air int√©rieur,Agir pour la qualit√© de l'air
Utilisable,Eviter d'utiliser sa voiture pour les petits trajets (moins de 2 km) pour lesquels le moteur n'a pas le temps de chauffer.,"‚ÑπÔ∏è En France, 60% des trajets effectu√©s en voiture en France font moins de 5 km ! Pour calculer l'impact de vos d√©placements sur le climat, essayez le simulateur Ecolab. ",,,,,,,x,,,,,Facile,Population g√©n√©rale,https://www.airparif.asso.fr/_pdf/les-petits-gestes-au-quotidien.pdf,D√©placements,Agir pour la qualit√© de l'air
Utilisable,Ne jamais √©teindre la ventilation m√©canique contr√¥l√©e (VMC) de son logement et la nettoyer r√©guli√®rement. ,"‚ÑπÔ∏èPour nettoyer la VMC, d√©clipser la partie amovible et lavable et la repositionner apr√®s nettoyage. Attention : ne pas mouiller les parties fixes des entr√©es d‚Äôair hygror√©glables, cela risque de nuire √† leur bon fonctionnement.üí°Plus d'information sur la ventilation de votre logement : https://huit.re/ventilation",,,,,,,x,,,,,Facile,Population g√©n√©rale,ADEME / https://particuliers.ademe.fr/maison/menage/comment-assainir-lair-partout-dans-la-maison,Air int√©rieur,Agir pour sa sant√©
Utilisable,"Pour √©viter le d√©veloppement de moisissures, a√©rer quotidiennement votre logement notamment lors d'activit√© produisant de l'humidit√© (douche, cuisine, s√©chage du linge‚Ä¶)","‚ÑπÔ∏èLes moisissures ont des effets n√©gatifs sur la sant√©, elles exacerbent les allergies respiratoires et l'asthme. Avis de l'Anses sur les moisissures.",,,,,,,,,,,,Facile,Population g√©n√©rale,ADEME / https://particuliers.ademe.fr/maison/menage/comment-assainir-lair-partout-dans-la-maison,Air int√©rieur,Agir pour sa sant√©
Non-utilisable,"Lors du plein d'essence, privil√©gier les stations-service dont les pistolets de pompe sont √©quip√©s pour emp√™cher la dispersion des vapeurs.",Difficile √† localiser.,,,,,,,,,,,,Interm√©diaire,Automobilistes,"ADEME / https://particuliers.ademe.fr/maison/menage/comment-assainir-lair-partout-dans-la-maison
+ airparif ",D√©placements,Agir pour sa sant√©
Utilisable,Nettoyer les traces de moisissures,"‚ÑπÔ∏èLes moisissures ont des effets n√©gatifs sur la sant√©, elles exacerbent les
allergies respiratoires et l'asthme. Avis de l'Anses sur les moisissures.""",,,,,,,,,,,,Facile,Population g√©n√©rale,ADEME / https://particuliers.ademe.fr/maison/menage/comment-assainir-lair-partout-dans-la-maison,Air int√©rieur,Agir pour sa sant√©
Utilisable,‚ö†Ô∏èEviter les sorties durant l‚Äôapr√®s-midi lorsque l‚Äôensoleillement est maximum.,"‚ÑπÔ∏è Aujourd'hui, il y a une forte concentration d'ozone dans l'air.

üí°L'ozone est un polluant secondaire issu de r√©actions chimiques entre les polluants primaires (√©mis par les voitures et l'industrie). Ces r√©actions sont notamment acc√©l√©r√©es par les rayons du soleil et les fortes chaleurs. ",x,,,,,,,,,,,Facile,"Personnes sensibles et vuln√©rables, en cas de pic d'ozone. Peut aussi √™tre appliqu√© √† la population g√©n√©rale (pour √©viter les insolations, et la surexposition)",MSS/Arr√™t√© Minist√©riel suite √† l'avis de l'HCSP,D√©placements,Agir pour sa sant√©
Utilisable,"Lorsque vous cuisinez, mettre un couvercle sur les casseroles et activer la hotte aspirante pour r√©duire l'humidit√© dans votre logement et √©conomiser de l'√©nergie.","‚ÑπÔ∏è L'humidit√© d'un logement peut avoir des effets n√©fastes sur la sant√© et d√©clencher des allergies et/ou de l'asthme. Elle favorise la colonisation de champignons microscopiques plus commun√©ment appel√©s moisissures.

üí°Mettre un couvercle sur les casseroles vous permettra aussi de r√©duire votre consommation d'√©nergie !",,,,,,,,,,,,Facile,Population g√©n√©rale,"ADEME / https://particuliers.ademe.fr/maison/menage/comment-assainir-lair-partout-dans-la-maison
 Guide de la pollution de l'air int√©rieur de l'Inpes",Air int√©rieur,Agir pour sa sant√©
Utilisable,"Faire s√©cher le linge le plus souvent possible √† l‚Äôext√©rieur ou dans une pi√®ce bien ventil√©e, en laissant les fen√™tres ouvertes.",‚ÑπÔ∏è L'humidit√© d'un logement peut avoir des effets n√©fastes sur la sant√© et d√©clencher des allergies et/ou de l'asthme. Elle favorise la colonisation de champignons microscopiques plus commun√©ment appel√©s moisissures.,,,x,x,,,,,,,,Facile,Population g√©n√©rale,"ADEME / https://particuliers.ademe.fr/maison/menage/comment-assainir-lair-partout-dans-la-maison
 Guide de la pollution de l'air int√©rieur de l'Inpes",Air int√©rieur,Agir pour sa sant√©
Utilisable,"En voiture, √©viter d'utiliser la climatisation. Si c'est impossible, limiter l'√©cart de temp√©rature avec l'ext√©rieur √† 5¬∞C.","üí°Moins de climatisation, c‚Äôest 15 % de CO2 rejet√©s en moins sur 100 km.",,,,,,,x,,,,,Facile,Automobilistes,"https://www.airparif.asso.fr/_pdf/les-petits-gestes-au-quotidien.pdf
http://www.gwadair.fr/l-air/actions-d-amelioration",D√©placements,Agir pour la qualit√© de l'air
Utilisable,Entretenir r√©guli√®rement son v√©hicule (en faisant une fois par an les diff√©rents r√©glages n√©cessaires √† son bon fonctionnement).,"‚ÑπÔ∏è Une voiture mal entretenue pollue plus. R√©viser son v√©hicule r√©guli√®rement permet de faire des √©conomies et de limiter ses √©missions de polluants.

üí° Penser donc √† changer les filtres (huile, gasoil, air, etc.), √† faire la vidange et √† v√©rifier r√©guli√®rement la pression des pneus.",,,,,,,x,x,,,,Facile,Automobilistes,https://www.airparif.asso.fr/_pdf/les-petits-gestes-au-quotidien.pdf,D√©placements,Agir pour la qualit√© de l'air
Utilisable,"Ne pas laisser son v√©hicule tourner longtemps au ralenti ou √† l'arr√™t, et couper le moteur dans les embouteillages.","‚ÑπÔ∏è Couper son moteur lorsqu‚Äôon s‚Äôarr√™te permet de r√©duire le bruit, la pollution et de r√©aliser des √©conomies de carburant.",,,,,,,x,x,,,,Facile,Automobilistes,https://www.airparif.asso.fr/_pdf/les-petits-gestes-au-quotidien.pdf,D√©placements,Agir pour la qualit√© de l'air
Utilisable,"En cas d'humidit√© dans son longement, faire contr√¥ler le syst√®me de ventilation. L'air int√©rieur n‚Äôest certainement pas assez renouvel√©.",‚ÑπÔ∏è L'humidit√© d'un logement peut avoir des effets n√©fastes sur la sant√© et d√©clencher des allergies et/ou de l'asthme. Elle favorise la colonisation de champignons microscopiques plus commun√©ment appel√©s moisissures.,,,,,,,,,,,,Interm√©diaire,Logement encore humide malgr√© application des recommandations,ADEME / https://particuliers.ademe.fr/maison/menage/comment-assainir-lair-partout-dans-la-maison,Air int√©rieur,Agir pour sa sant√©
Utilisable,Il est conseill√© de chauffer son logement entre 18¬∞ et 19¬∞ maximum. ,"‚ÑπÔ∏èUn logement surchauff√© est un logement trop sec, ce peut entrainer l'ass√®chement des muqueuse des voies respiratoires.
üí°1¬∞ degr√© en plus = 7% de consommation en plus. Pour en savoir plus sur le chauffage de votre logement.",,,,,,,,,,,,Facile,Population g√©n√©rale,https://www.airparif.asso.fr/_pdf/les-petits-gestes-au-quotidien.pdf,Chauffage,Agir pour la qualit√© de l'air
Utilisable,"Ne pas s'exposer √† des facteurs irritants (fum√©e de tabac, utilisation de solvants en espace int√©rieur, chauffage au bois, exposition aux pollens en saison...).",üí° Un solvant a le pouvoir de dissoudre d'autres substances. La colle ou le vernis sont par exemples des solvants.,x,,,,,,,,,,,Facile,"Population g√©n√©rale, en cas de pic de pollution. ",MSS/Arr√™t√© Minist√©riel suite √† l'avis de l'HCSP,Pr√©vention,Agir pour sa sant√©
Utilisable,Eviter la vaporisation de produits en spray qui d√©gagent des COV (Compos√©s Organiques Volatils) nocifs pour la sant√©.,"‚ÑπÔ∏èLes Compos√©s Organiques Volatils (COV) sont des substances chimiques qui s'√©vaporent plus ou moins rapidement dans l'air. Ils peuvent provoquer des troubles respiratoires, des irritations des yeux, du nez et de la gorge, des r√©actions allergiques‚Ä¶

üí° Conserver les produits en spray, les diffuseurs d'huiles essentielles et les parfums d'int√©rieur hors de port√©e des enfants.
",,,,,,,,,,,,Facile,Population g√©n√©rale,ADEME / https://particuliers.ademe.fr/maison/menage/comment-assainir-lair-partout-dans-la-maison,Air int√©rieur,Agir pour sa sant√©
Doute,"Si vous fabriquez vous-m√™me vos produits m√©nagers, limitez le nombre d‚Äôingr√©dients et les quantit√©s d‚Äôhuiles essentielles.","üí° Conserver les produits en spray, les diffuseurs d'huiles essentielles et les parfums d'int√©rieur hors de port√©e des enfants",,,,,,,,,,,,Facile,Population g√©n√©rale,ADEME / https://particuliers.ademe.fr/maison/menage/comment-assainir-lair-partout-dans-la-maison,Air int√©rieur,Agir pour sa sant√©
Doute,"Lorsque vous bricolez, limitez l'usage de solvants (colle, essence, vernis...).",üí° Un solvant a le pouvoir de dissoudre d'autres substances. La colle ou le vernis sont par exemples des solvants.,,,,,,,,,,,,Facile,"Population g√©n√©rale, en cas de travaux. ",https://www.airparif.asso.fr/_pdf/les-petits-gestes-au-quotidien.pdf,Air int√©rieur,Agir pour sa sant√©
Utilisable,"‚ö†Ô∏èL'hiver, lors des √©pisodes de pollution, √©viter les feux de chemin√©e d‚Äôagr√©ment.","üí° La combustion de biomasse (feux de chemin√©e, feux agricoles et feux de jardins) est responsable de 50 √† 70 % de la pollution carbone hivernale en Europe. Source Anses
",x,,,,,,,,,,,Facile,"Population g√©n√©rale, en hiver, lors des √©pisodes de pollution. ",ATMO Normandie,Equipements domestiques,Agir pour la qualit√© de l'air
Utilisable,"‚ö†Ô∏èL'hiver, lors des √©pisodes de pollution, √©viter les feux de chemin√©e d‚Äôagr√©ment.",üí° Pour en savoir plus sur la r√©glementation des feux de chemin√©e chez soi ,x,,,,,,,,,,,,,,,
Utilisable,"Dans un feu de chemin√©e : ne pas utiliser du bois de r√©cup√©ration, souill√©, peint, ou vernis. ",‚ÑπÔ∏è Ces types de bois pourraient d√©gager des des substances toxiques ou corrosives en br√ªlant et encrasser votre appareil. ,,,,,,,,,,,,Facile,"Population g√©n√©rale, en hiver, faisant des feux de chemin√©e. ","Guide ADEME ""Chauffage au bois - mode d'emploi"" https://www.ademe.fr/chauffage-bois-mode-demploi",Air int√©rieur / Equipement domestiques,Agir pour sa sant√©
Utilisable,Il est conseiller de d√©corer son logement avec des produits dont l‚Äô√©tiquette ‚ÄúEmissions dans l‚Äôair int√©rieur‚Äùest au niveau A+.,"üí° Depuis 2013, tous les produits de construction et d√©coration (cloisons, rev√™tements de sols, isolants, peintures, vernis, colles, adh√©sifs) sont munis d'une √©tiquette qui indique leur niveau d‚Äô√©mission en polluants volatils, du moins polluant A+ au plus polluant C.",,,,,,,,,,,,Interm√©diaire,Population g√©n√©rale,"ADEME / https://particuliers.ademe.fr/maison/menage/comment-assainir-lair-partout-dans-la-maison
 https://www.cohesion-territoires.gouv.fr/etiquetage-des-produits-de-construction",Air int√©rieur,Agir pour sa sant√©
Utilisable,"N'abusez pas des bougies, de l'encens et des parfums d'int√©rieur, ou a√©rez dans le cas contraire en cas d'utilisation.","üí°Les sprays et diffuseurs √† base d'huiles essentielles √©mettent des polluants dans l'air int√©rieur dont certains peuvent √™tre irritants en particulier pour les personnes atteintes de maladies respiratoires chroniques telles que l‚Äôasthme, et d'autres personnes fragiles (nourrissons, femmes enceintes...)",,,,,,,,,,,,Facile,Population g√©n√©rale,ADEME / https://particuliers.ademe.fr/maison/menage/comment-assainir-lair-partout-dans-la-maison,Air int√©rieur,Agir pour sa sant√©
Utilisable,"Les plantes n'ont pas d'effet ""d√©polluant"" sur votre air int√©rieur.","‚ÑπÔ∏è Les tests r√©alis√©s d√©montrent que dans les b√¢timents, l‚Äôefficacit√© d‚Äô√©puration de l‚Äôair par les plantes seules est inf√©rieure √† l‚Äôeffet du taux de renouvellement de l‚Äôair sur les concentrations de polluants. 
üí°L‚Äôa√©ration et la ventilation restent bien plus efficaces que l‚Äô√©puration par les plantes. 
Source : ADEME",,,,,,,,,,,,,,,,
Utilisable,Utiliser un purificateur d'air chez soi ne garantit pas un air sain.,"‚ÑπÔ∏è Les √©purateurs d‚Äôair (appareils, sprays assainissant‚Ä¶) n‚Äôont pas d‚Äôefficacit√© prouv√©e en conditions r√©elles d‚Äôutilisation.

üí°L‚Äôa√©ration et la ventilation restent les moyens les plus efficaces d'am√©liorer votre air int√©rieur.",,,,,,,,,,,,Facile,Population g√©n√©rale,"ADEME / https://particuliers.ademe.fr/maison/menage/comment-assainir-lair-partout-dans-la-maison
 Expertise Anses sur les √©purateurs d'air : https://www.anses.fr/fr/content/%C3%A9purateurs-d%E2%80%99air-int%C3%A9rieur-une-efficacit%C3%A9-encore-%C3%A0-d%C3%A9montrer",Air int√©rieur,Agir pour sa sant√©
Utilisable,"A pieds, pr√©f√©rez les voies pi√©tonnes ou les rues moins encombr√©es par le trafic.","‚ÑπÔ∏è Le transport routier (voitures, deux roues, poids lourds...) √©met du monoxyde de carbone, de l'oxyde d'azote et des particules fines. Ces polluants ont des effets n√©gatifs sur la sant√©. 
üí° Les niveaux de pollution varient tout au long de la journ√©e. Les niveaux les plus importants pour le dioxyde d‚Äôazote sont pendant les heures de pointes du matin et du soir.",,,,,,,,,,,,Interm√©diaire,Population g√©n√©rale,https://www.airparif.asso.fr/_pdf/les-petits-gestes-au-quotidien.pdf,D√©placements,Agir pour sa sant√©
Utilisable,"Durant vos travaux, avant tout achat de mat√©riaux, il faut prendre le temps de consulter l‚Äô√©tiquette ‚ÄúEmissions dans l‚Äôair int√©rieur‚Äù qui signale de fa√ßon simple et lisible le niveau d‚Äô√©mission en polluants COV. Le niveau d‚Äô√©mission y est d√©crit sur une √©chelle allant de A+ (faible) √† C (forte).","‚ÑπÔ∏èLes Compos√©s Organiques Volatils (COV) sont des substances chimiques qui s'√©vaporent plus ou moins rapidement dans l'air √† la temp√©rature ambiante, entra√Ænant ainsi des impacts directs et indirects sur l‚Äôhomme, les animaux et la nature. 
üí°Les COV sont contenus dans de nombreux produits et mat√©riaux tels les d√©sodorisants, les laques, les vernis, les peintures, les colles, les parquets, les solvants, les cires, les produits nettoyants, etc.",,,,,,,,,,,,Interm√©diaire,"Population g√©n√©rale, en cas de travaux. ","Air breizh,  https://www.airbreizh.asso.fr/les-bonnes-pratiques/",Air int√©rieur,Agir pour sa sant√©
Utilisable,"En voiture, √©viter les axes embouteill√©s et les tunnels.","‚ÑπÔ∏è D'apr√®s Airparif les trajets avec tunnel (sur plus de 5% de la dur√©e du trajet) ont des niveaux plus √©lev√©s, √† cause de l‚Äôaccumulation de la pollution li√©e au confinement.",,,,,,,x,x,,,,Interm√©diaire,Automobilistes,,D√©placements,Agir pour sa sant√©
Utilisable,"Il est conseill√© de laver les textiles (linge de maison, v√™tements, etc.) avant utilisation.",‚ÑπÔ∏è Les textiles neufs contiennent des produits chimiques pr√©sents dans les teintures. ,,,,,,,,,,,,Facile,Population g√©n√©rale,https://www.airparif.asso.fr/pollution/air-interieur-generalites,Risque par contact cutan√©,Agir pour sa sant√©
Utilisable,Il est conseill√© d'interdire certaines pi√®ces aux animaux domestiques (notamment la chambre). ,"‚ÑπÔ∏è La salive, la peau, les glandes anales des animaux domestiques (chat, chien, etc.) sont des r√©servoirs d'allerg√®nes.

üí° N'oubliez pas d'a√©rer votre logement !",,,,,,,,,,x,,Facile,"Population g√©n√©rale, ayant des animaux domestiques","https://www.airparif.asso.fr/pollution/air-interieur-generalites 
 Guide Inpes sur la QAI",Air int√©rieur,Agir pour sa sant√©
Utilisable,"Aspirer r√©guli√®rement la literie, les tissus d'ameublements et de d√©coration (canap√©, tapis, moquette, rideaux, etc.) et changer les sacs d‚Äôaspirateur afin d'√©liminer les acariens, poils et autres allerg√®nes. 
",üí° Les aspirateurs √©quip√©s de filtres HEPA (Haute Efficacit√© pour les Particules A√©riennes) sont les plus efficaces pour retenir les poussi√®res.,,,,,,,,,,x,,Facile,Population g√©n√©rale,"https://www.airparif.asso.fr/pollution/air-interieur-generalites 
 Guide Inpes sur la QAI",Air int√©rieur,Agir pour sa sant√©
Utilisable,"Nettoyez fr√©quemment les draps, couettes, oreillers et a√©rez r√©guli√®rement la literie.","‚ÑπÔ∏è Invisibles √† l'≈ìil nu (1/3 de mm), les acariens sont pr√©sents dans les lieux o√π ils trouvent √† manger (dans la poussi√®re) et o√π ils peuvent vivre et se reproduire (humidit√©).",,,,,,,,,,x,,,,,,
Utilisable,"En saison pollinique, brosser ou laver ou rincer ses cheveux avant de se coucher.","‚ÑπÔ∏è Les cheveux retiennent les pollens et gramin√©s et ce qui peut g√™ner la respiration pendant le sommeil.
üí°Apr√®s une douche ou un bain ne pas oublier d'a√©rer la pi√®ce.",,,,,,,,,,x,,Facile,"Personnes allergiques, en p√©riode de pollennisation ",ATMO Grand Est,Pollens,Agir pour sa sant√©
Utilisable,Eviter les activit√©s physiques √† l'ext√©rieur pendant les fortes pollinisations,‚ÑπÔ∏è 25 √† 30 % de la population des pays industrialis√©s sont touch√©s par des allergies (source : ADEME),,,,,,,,,x,x,,Facile,"Personnes allergiques, en p√©riode de pollennisation ",ATMO Grand Est,Pollens,Agir pour sa sant√©
Doute,Ne pas laisser son linge s√©cher √† l'ext√©rieur.,,,,,,,,,,,x,,Facile,"Personnes allergiques, en p√©riode de pollennisation ",ATMO Grand Est,Pollens,Agir pour sa sant√©
Doute,"Si vous √™tes allergique, √©vitez les promenades dans les champs au printemps ou par temps sec et ensoleill√©.",,,,,,,,,,,x,,Facile,"Personnes allergiques, en p√©riode de pollennisation ",ATMO Grand Est,Pollens,Agir pour sa sant√©
Doute,Fermer les fen√™tres au moment o√π les pollens sont tr√®s pr√©sents dans l'air,,,,,,,,,,,x,,Facile,"Personnes allergiques, en p√©riode de pollennisation ",ATMO Grand Est,Pollens,Agir pour sa sant√©
Doute,"Si vous √™tes allergique, jardiner de pr√©f√©rence avec des lunettes et un masque de protection.",,,,x,,,,,,,x,,Facile,"Personnes allergiques, en p√©riode de pollennisation ",ATMO Grand Est,Pollens,Agir pour sa sant√©
Non-utilisable,Eviter de tondre le gazon pendant la saison pollinique.,Contradictoire avec la 73.,,,x,,,,,,,x,,Facile,"Personnes allergiques, gramin√©es",ATMO Grand Est,Activit√©s de jardinage / Pollen,Agir pour sa sant√©
Doute,"En cas de d√©placement en voiture, gardez vos fen√™tres ferm√©es",,,,,,,,x,,,x,,Facile,"Personnes allergiques, en p√©riode de pollennisation ",ATMO Grand Est,Pollens,Agir pour sa sant√©
Utilisable,"Eviter les lieux qui ont fait l'objet de travaux r√©cents
","‚ÑπÔ∏è Les mat√©riaux et mobiliers neufs continennent des Compos√©s Organiques Volatils qui s'√©vaporent dans votre logement et ont des effets n√©gatifs sur la sant√© (troubles respiratoirs, irritation des yeux, r√©actions allergiques...). 

üí°Les COV sont contenus dans de nombreux produits et mat√©riaux tels les d√©sodorisants, les laques, les vernis, les peintures, les colles, les parquets, les solvants, les cires, les produits nettoyants, etc.",,,,,,,,,,,,Interm√©diaire,"Personnes sensibles (nourissons, femmes enceintes, asthmatiques, personnes ag√©es, cardiaques, insuffisants respiratoires)","https://www.airparif.asso.fr/pollution/air-interieur-generalites
Guide INPES sur la QAI",Air int√©rieur,Agir pour sa sant√©
Utilisable,"Lors de travaux de bricolage, sortez r√©guli√®rement de la pi√®ce pour faire des pauses.",üí°Ne pas oublier pendant toute la dur√©e des travaux et plusieurs semaines apr√®s.,,,,,,,,,,,,,,,,
Utilisable,"Lors de travaux de bricolage, refermer les r√©cipients pour √©viter qu‚Äôils ne s‚Äô√©vaporent et rangez-les toujours hors de port√©e des enfants, dans un endroit a√©r√©.",üí°Ne pas oublier pendant toute la dur√©e des travaux et plusieurs semaines apr√®s.,,,,,,,,,,,x,,,,,
Doute,"En p√©riode de pollinisation, porter des lunettes",Quel type de lunettes ?,,,,,,,,,,x,,Facile,"Personnes allergiques, en p√©riode de pollennisation ",https://www.atmo-bfc.org/tout-sur-l-air/pollens,Pollens,Agir pour sa sant√©
Utilisable,"En p√©riode de pollinisation, il est recommand√© de se laver r√©guli√®rement le nez avec du s√©rum physiologique.",,,,,,,,,,,x,,Facile,"Personnes allergiques, en p√©riode de pollennisation ",https://www.atmo-bfc.org/tout-sur-l-air/pollens,Pollens,Agir pour sa sant√©
Non-utilisable,Tondre r√©guli√®rement sa pelouse,Contradictoire avec la 68.,,,x,,,,,,,x,,Facile,"Personnes allergiques, en p√©riode de pollennisation ",https://www.atmo-bfc.org/tout-sur-l-air/pollens,Activit√©s de jardinage / Pollen,Agir pour sa sant√©
Utilisable,"Choisir une literie anti-acarienne (rembourrage en latex, coton, laine) plut√¥t que du polyur√©thane.",üí°Le polyur√©thane (mousse inflammable qui contient des retardateurs de feu dont les substances peuvent √™tre inhal√©es).,,,,,,,,,,x,,Interm√©diaire,,ATMO Nouvelle Aquitaine,Equipements domestiques,Agir pour sa sant√©
Utilisable,Fermez les portes et fen√™tres pendant les tontes.,,,,x,,,,,,,x,,Facile,"Personnes allergiques, en p√©riode de pollennisation ",https://www.atmo-bfc.org/tout-sur-l-air/pollens,Gramin√©es,Agir pour sa sant√©
Doute,√âviter de sortir imm√©diatement apr√®s l'orage,Pr√©ciser pourquoi.,,,,,,,,,,x,,Facile,"Personnes allergiques, en p√©riode de pollennisation ",https://www.atmo-bfc.org/tout-sur-l-air/pollens,Gramin√©es,Agir pour sa sant√©
Doute,Pr√©f√©rer les zones c√¥ti√®res pour vos vacances en juillet,Pr√©ciser pourquoi.,,,,,,,,,,x,,Interm√©diaire,"Personnes allergiques, en p√©riode de pollennisation ",https://www.atmo-bfc.org/tout-sur-l-air/pollens,Gramin√©es,Agir pour sa sant√©
Utilisable,"Changer le filtre √† air de votre v√©hicule une fois par an pour √©viter la surconsommation, la pollution, et m√™me la panne moteur.","üí°Une voiture mal entretenue pollue plus. R√©viser son v√©hicule r√©guli√®rement permet de faire des √©conomies et de limiter ses √©missions de polluants.
",,,,,,,x,,,,,Facile,Automobilistes,https://www.atmo-bfc.org/tout-sur-l-air/agir-pour-l-air,D√©placements,Agir pour la qualit√© de l'air
Utilisable,Il est pr√©f√©rable d'acheter un v√©hicule bien class√© sur l‚Äô√©tiquette √©nergie : il consommera moins de carburant et rejettera moins de polluants.,"‚ÑπÔ∏è L‚Äô√©tiquette environnementale est affich√©e sur tous les v√©hicules. L‚Äô√©chelle de A √† G, indique les √©missions de CO2 du v√©hicule. 

üí°Les √©missions de CO2 produites par un v√©hicule sont li√©es √† l‚Äôefficacit√© √©nerg√©tique d‚Äôun v√©hicule, car moins on consomme de carburant, moins on √©met de CO2, et moins on contribue au changement climatique.",,,,,,,x,x,,,,Interm√©diaire,Automobilistes,https://www.atmo-bfc.org/tout-sur-l-air/agir-pour-l-air,D√©placements,Agir pour la qualit√© de l'air
Utilisable,"J‚Äôeffectue mes travaux de bricolage quand le temps permet, de mani√®re √† pouvoir bien a√©rer mon logement.","üí° Depuis 2013, tous les produits de construction et d√©coration (cloisons, rev√™tements de sols, isolants, peintures, vernis, colles, adh√©sifs) sont munis d'une √©tiquette qui indique leur niveau d‚Äô√©mission en polluants volatils, du moins polluant A+ au plus polluant C.",,,x,x,,,,,,,,Interm√©diaire,Population g√©n√©rale,https://www.atmo-bfc.org/tout-sur-l-air/agir-pour-l-air,Air int√©rieur,Agir pour sa sant√©
Utilisable,"Bricoler √† l'ext√©rieur lorsque c'est possible, de pr√©f√©rence le matin ou le soir pour √©viter les heures de fort ensoleillement.","üí° Depuis 2013, tous les produits de construction et d√©coration (cloisons, rev√™tements de sols, isolants, peintures, vernis, colles, adh√©sifs) sont munis d'une √©tiquette qui indique leur niveau d‚Äô√©mission en polluants volatils, du moins polluant A+ au plus polluant C.",,,x,x,,,,,,,,Facile,Population g√©n√©rale,https://www.atmo-bfc.org/tout-sur-l-air/agir-pour-l-air,Air int√©rieur,Agir pour sa sant√©
Utilisable,"Lors de travaux de bricolage, porter des protections adapt√©es (masque, lunettes, gants) lors de la manipulation de produits chimiques ou lors du pon√ßage.",‚ÑπÔ∏è Les produits d'entretien et de bricolage courants contiennent des substances issues de la p√©trochimie nocives pour la sant√©. Pour en savoir plus.,,,,,,,,,,,,Interm√©diaire,"Population g√©n√©rale, en cas de travaux. ",https://www.madininair.fr/A-la-maison,Air int√©rieur,Agir pour sa sant√©
Utilisable,"Stocker ses produits de bricolage dans un lieu ad√©quat, loin des espaces de vie (√©viter le stockage dans la cuisine ou la salle de bain).",‚ÑπÔ∏è Les produits d'entretien et de bricolage courants contiennent des substances issues de la p√©trochimie nocives pour la sant√©. Pour en savoir plus.,,,,,,,,,,,x,Interm√©diaire,"Population g√©n√©rale, en cas de travaux",https://www.madininair.fr/A-la-maison,Air int√©rieur,Agir pour sa sant√©
Utilisable,"Nettoyer r√©guli√®rement les br√ªleurs de votre cuisini√®re √† gaz.
","‚ÑπÔ∏è Les cuisini√®res √† gaz produisent du dioxyde d'azote, un gaz irritant pouvant causer des probl√®mes respiratoires chez les personnes sensibles comme les asthmatiques. Il est pr√©f√©rable d'utiliser du vinaigre blanc m√©lang√© √† de l'eau chaude. Les grilles peuvent √™tre plac√©es au lave vaisselle.
üí°Les br√ªleurs de la cuisini√®re √† gaz sont propres lorsque l'on obtient un flamme bleue et courte dans chaque orifice. Une flamme bien r√©gl√©e ne doit pas noircir le fond des casseroles",,,,,,,,,,,,Facile,"Population g√©n√©rale, qui poss√®de une gazini√®re",https://www.madininair.fr/A-la-maison,Air int√©rieur,Agir pour sa sant√©
Utilisable,"R√©parer les fuites, les infiltrations d‚Äôeau (toitures, tuyauterie, plomberie, joints) le plus rapidement possible pour √©viter les moisissures.",‚ÑπÔ∏è La pr√©sence de moisissures dans les pi√®ces humides peut-√™tre √©galement le signe d‚Äôune mauvaise ventilation !,,,,,,,,,,,,Facile,Population g√©n√©rale,https://www.madininair.fr/A-la-maison,Air int√©rieur,Agir pour sa sant√©
Utilisable,"En voiture, il est conseill√© de ne pas transporter de charges inutiles. Toute charge superflue entraiÃÇne une surconsommation de carburant.",üí° Une galerie de toit consomme en moyenne 10 √† 20 % en plus de carburant.,,,,,,,x,x,,,,Facile,Automobilistes,https://www.madininair.fr/Pratiquer-l-eco-conduite,,Agir pour la qualit√© de l'air
Utilisable,"Ne pas aggraver les effets de cette pollution en ajoutant des facteurs irritants : fum√©e de tabac, utilisation de solvants en espace int√©rieur, chauffage au bois, exposition aux pollens en saison, etc.",,x,,,,,,,,,,,Interm√©diaire,,Avis de l'HCSP (15/11/2013),Air int√©rieur,Agir pour sa sant√©
Non-utilisable,"Si l'habitation est √† proximit√© d'un champ agricole, √©viter d'a√©rer durant les p√©riodes d'√©pandage.",Donner une information pr√©alablement des p√©riodes d'√©pandage,,,,,,,,,,,,Facile,"Population g√©n√©rale et particuli√®rement parents + personnes vuln√©rables et sensibles
Les p√©riodes de d√©veloppement sont particuli√®rement sensibles, comme un b√©b√© en devenir pendant la grossesse, la petite enfance ou la pubert√©.",,Air ext√©rieur,Agir pour sa sant√©
Utilisable,"Tous les ans, avant l‚Äôhiver, faire v√©rifier sa chaudi√®re par un professionel qualifi√©.¬†","‚ÑπÔ∏è Une chaudi√®re entretenue r√©guli√®rement a une dur√©e de vie plus longue, consomme moins de combustible, produit moins de gaz √† effet de serre et de polluants.

üí° https://www.faire.gouv.fr/ est le service public qui vous guide dans vos travaux de r√©novation √©nerg√©tique. ",,,,,,,,,,,,Interm√©diaire,"Population g√©n√©rale, qui poss√®de une chaudi√®re",Sources MSS/EA,Equipements domestiques,Agir pour sa sant√©
Utilisable,Ne pas utiliser plus de deux heures un chauffage mobile d‚Äôappoint √† combustion (type de chauffage po√™le √† p√©trole ou √† gaz) et bien a√©rer en cas d'utilisation.,"‚ÑπÔ∏è Ils augmentent en g√©n√©ral beaucoup les consommations.
Certains ne sont pas forc√©ment s√ªrs : ils peuvent √©mettre
du monoxyde de carbone, un gaz mortel s‚Äôil est inhal√© en
grande quantit√©, et favoriser l‚Äôapparition de moisissures
du fait du d√©gagement d‚Äôhumidit√©. Pour en savoir plus sur le chauffage de votre logement.",,,,,,,,,,,,Facile,Population g√©n√©rale utilisant un chauffage d'appoint,"Sources MSS/EA
Ademe pour la pr√©cision : https://www.ademe.fr/sites/default/files/assets/documents/guide-pratique-chauffer-mieux-moins-cher.pdf",Air int√©rieur,Agir pour sa sant√©
Utilisable,Laver les sols de son logement une fois par semaine afin de se d√©barrasser des poussi√®res contenant notamment des polluants.,,,,,,,,,,,,,Facile,Population g√©n√©rale,Sources MSS/EA,Air int√©rieur,Agir pour sa sant√©
Utilisable,"En hiver, tester avec un d√©tecteur s‚Äôil y a du radon dans mon habitation pour prot√©ger mes poumons.","üí° Pour savoir si mon logement se trouve sur un sol qui √©met des quantit√©s significatives de radon, je consulte la carte du potentiel radon de ma commune : https://www.irsn.fr/FR/connaissances/Environnement/expertises-radioactivite-naturelle/radon/Pages/5-cartographie-potentiel-radon-commune.aspx#.XxFc7qJTJ5Y 
",,,,,,,,,,,,Interm√©diaire,Population g√©n√©rale,Sources MSS/EA,Air int√©rieur,Agir pour sa sant√©
Utilisable,"‚ö†Ô∏èLors de pics de pollution, reporter l'utilisation d'un barbecue √† combustible solide (bois, charbon, etc.).","‚ÑπÔ∏èLes barbecues au charbon de bois √©mettent un m√©lange de substances polluantes pour l‚Äôair et pouvant occasionner des effets sur notre sant√© (particules fines, dioxyde de carbone, monoxyde de carbone, oxydes d‚Äôazote, compos√©s organiques volatils...).",x,,x,,,,,,,,,Facile,En cas de pic de pollution,https://www.atmo-auvergnerhonealpes.fr/sites/ra/files/atoms/files/campagne_air_et_sante_-_messages_2017.pdf,Air ext√©rieur,Agir pour la qualit√© de l'air
Utilisable,"‚ö†Ô∏èLors de pic de pollution, abaisser sa vitesse de 20km/h sur les voies o√π la vitesse maximale autoris√©e est sup√©rieure ou √©gale √† 90km/h.",‚ÑπÔ∏èR√©duire sa vitesse permet d'√©conomiser du carburant de limiter les √©missions de CO2 g√©n√©r√©es par le v√©hicule.,x,,,,,,x,x,,,,Facile,"Automobilistes, en cas de pic de pollution",https://www.atmo-auvergnerhonealpes.fr/sites/ra/files/atoms/files/campagne_air_et_sante_-_messages_2017.pdf,D√©placements,Agir pour la qualit√© de l'air
Utilisable,"Prot√©ger votre b√©b√© des gaz d'√©chappement en le sur√©levant par rapport √† la route. Par exemple, en utilisant un porte-b√©b√©.",‚ÑπÔ∏è Les niveaux de pollution diminuent √† mesure que l‚Äôon s‚Äô√©loigne du trafic routier.,,,,,,,,,,,x,Facile,Parents d'enfants en bas √¢ge,https://www.atmo-auvergnerhonealpes.fr/sites/ra/files/atoms/files/campagne_air_et_sante_-_messages_2017.pdf,Pr√©vention,Agir pour sa sant√©
Utilisable,"Avec un enfant, √©viter les sorties √† proximit√© des grands
axes routiers aux heures de pointe (7h-10h et 17h-20h).",‚ÑπÔ∏è Les niveaux de pollution diminuent √† mesure que l‚Äôon s‚Äô√©loigne du trafic routier.,x,?,,,,,,,,,x,Facile,"Parents d'enfants en bas √¢ge, en cas de pic de pollution aux particules",https://www.atmo-auvergnerhonealpes.fr/sites/ra/files/atoms/files/campagne_air_et_sante_-_messages_2017.pdf,Pr√©vention,Agir pour sa sant√©
Utilisable,Pr√©f√©rer les pistes cyclables s√©par√©es de la voie principale de circulation.,üí° Rouler dans les voies de bus et les pistes cyclables √©loigne du trafic routier et permet de diminuer son exposition √† la pollution de l'air jusqu‚Äô√† -30% et de se prot√©ger √©galement des accidents de la route.,,,,,x,,,,,,,Interm√©diaire,Cyclistes,"https://www.atmo-auvergnerhonealpes.fr/article/activites-physiques-et-qualite-de-lair-bien-respirer-pour-bien-bouger

Pr√©cision : Airparif",D√©placements,Agir pour sa sant√©
Utilisable,"En v√©lo, √©viter les gaz d'√©chappement : il est conseill√© de se placer devant les voitures au feu rouge et de garder ses¬†distances lorsque l'on suit un v√©hicule motoris√©.","üí°Dans une √©tude r√©alis√©e en 2015, l‚Äôobservatoire r√©gional de surveillance de la qualit√© de l‚Äôair en Occitanie (ex Oramip) a d√©montr√© que le choix d'emprunter un axe avec peu de trafic routier a permis de r√©duire l'exposition moyenne du cycliste ou du pi√©ton d‚Äôenviron 40 % pour le dioxyde d'azote (NO2) et de 50 % pour les particules PM10.",,,,,x,,,,,,,Facile,Cyclistes,https://www.atmo-auvergnerhonealpes.fr/article/activites-physiques-et-qualite-de-lair-bien-respirer-pour-bien-bouger,D√©placements,Agir pour sa sant√©
Doute,"Eviter de planter des v√©g√©taux qui produise des pollens fortement allergisant (gramin√©es).
","Guide du RNSA sur la v√©g√©tation en ville
",,,x,x,,,,,,x,,Facile,Personnes allergiques,https://www.hawa-mayotte.fr/actualite/les-bonnes-mani-air-a-adopter-dans-son-jardin,Pollens,Agir pour sa sant√©
Utilisable,"√Ä v√©lo, choisir d√®s que possible un itin√©raire √©vitant les grands axes routiers. ","üí°Selon l‚ÄôObservatoire R√©gional de Sant√© d‚ÄôIle de France, le choix de l‚Äôitin√©raire lors d‚Äôun trajet √† v√©lo permet de jouer sur deux aspects (temps de trajet et densit√© de trafic de l‚Äôaxe parcouru) qui influencent fortement l‚Äôexposition √† la pollution de l‚Äôair. Ainsi, des itin√©raires fluides pour les cyclistes et √† l‚Äô√©cart des grands axes de circulation peuvent diminuer le niveau d‚Äôexposition aux polluants.",,,,,,,,,,,,,,,,
Utilisable,"En cas de fortes chaleurs, il est conseill√© d'arroser ses plantes le soir pour √©viter l'√©vaporation de l'eau.¬†","‚ÑπÔ∏è Dans un appartement, il est important de veiller au taux d'humidit√© dans l'air afin d'√©viter le d√©veloppement de moisissures.

üí°Les moisissures ont des effets n√©fastes sur la sant√© et peuvent favoriser le d√©clenchement de l'asthme et des allergies.",,,x,x,,,,,,,,Facile,"Population g√©n√©rale, qui poss√®de un jardin",https://www.hawa-mayotte.fr/actualite/les-bonnes-mani-air-a-adopter-dans-son-jardin,Air ext√©rieur,Agir pour la qualit√© de l'air
Utilisable,Ne pas modifier les d√©placements indispensables mais √©viter les promenades et les activit√©s √† l‚Äôext√©rieur.,"‚ÑπÔ∏èDans son logement, ne pas aggraver les effets de cette pollution en ajoutant des facteurs irritants : fum√©e de tabac, utilisation de solvants en espace int√©rieur, chauffage au bois, exposition aux pollens en saison, etc.",x,,,,,,,,,,x,Facile,"En cas de d√©passement du seuil d'alerte Atmo, pour les enfants de moins de 6 ans",https://atmo-reunion.net/Que-faire-ou-ne-pas-faire-en-cas,D√©placements,Agir pour sa sant√©
Utilisable,Retourner votre matelas 2 fois par an pour limiter la pr√©sence d'allerg√®nes.,,,,,,,,,,,x,,Facile,Population g√©n√©rale,https://atmo-reunion.net/Que-faire-ou-ne-pas-faire-en-cas,Air int√©rieur/allerg√®nes,Agir pour sa sant√©
Utilisable,"‚ö†Ô∏èEn tant que personne sensible, il est conseill√© d'√©viter de pratiquer une activit√© physique ext√©rieure.","‚ÑπÔ∏è Aujourd'hui, il y a une forte concentration d'ozone dans l'air.

üí°L'ozone est un polluant secondaire issu de r√©actions chimiques entre les polluants primaires (√©mis par les voitures et l'industrie). Ces r√©actions sont notamment acc√©l√©r√©es par les rayons du soleil et les fortes chaleurs.¬†",x,,,,,,,,x,,,,population sensible en cas de pic d'ozone,"Pr√©cision de la recommandation ""En cas d'√©pisode de pollution √† l'O3 :
-√©vitez les sorties durant l'apr√®s-midi lorsque l'ensoleillement est maximum"" de l'Arr√™t√© du 13 mars 2018",activit√© physique,Agir pour sa sant√©
Utilisable,"‚ö†Ô∏èEn √©pisode de pollution, il est recommand√© √† tous de r√©duire les activit√©s physiques d'intensit√© √©lev√©e.","Une ""activit√© physique intense"" est par exemples : courir, grimper une c√¥te √† vive allure, faire du v√©lo √† vive allure, faire de l'a√©robic, nager √† vive l'allure, faire des sports et jeux de comp√©tition (par ex. jeux traditionnels, football, volleyball, hockey, basketball). (Source : OMS)",x,,,,,,,,x,,,Interm√©diaire,"Population g√©n√©rale
‚ÑπÔ∏è Niveau d'alerte.",https://www.atmo-auvergnerhonealpes.fr/article/activites-physiques-et-qualite-de-lair-bien-respirer-pour-bien-bouger,activit√© physique,Agir pour sa sant√©
Utilisable,"Pour vos activit√©s sportives, √©viter les zones qui concentrent les polluants : les grands axes de circulation, les rues √©troites et bord√©es d'immeubles hauts...","üí° Il est recommand√© de faire du sport le matin t√¥t, ou en soir√©e afin d‚Äô√©viter les heures de pointe du trafic automobile (7h ‚Äì 10h et 17h ‚Äì 20h). En √©t√©, il faut √©viter de pratiquer lors des heures les plus chaudes de la journ√©e car ce sont celles o√π les concentrations en ozone sont les plus √©lev√©es. ",,x,,,,,,,,,,Interm√©diaire,Population g√©n√©rale,,activit√© sportive,Agir pour sa sant√©
Non-utilisable,Les expositions r√©p√©t√©es au trichlorure d‚Äôazote (NCl3) et aux trihalom√©thanes (THM) pr√©sents √† la fois dans l'eau et dans l'air des piscines couvertes peuvent jouer un r√¥le dans l‚Äôapparition ou l‚Äôaggravation de l‚Äôasthme infantile.,"Le probl√®me majeur de qualit√© d‚Äôair int√©rieur provient de la r√©action entre les produits de chloration de l‚Äôeau et les substances d‚Äôorigine organique apport√©es par les nageurs (via la sueur, la salive, etc.). Cette r√©action donne naissance √† des polluants pr√©sents √† la fois dans l‚Äôeau et dans l‚Äôair : le trichlorure d‚Äôazote (NCl3) et les trihalom√©thanes (THM). Leurs teneurs sont tr√®s variables et augmentent, avec le nombre de baigneurs, la temp√©rature de l‚Äôeau et de l‚Äôair, le degr√© de chloration et la mauvaise ventilation du b√¢timent. Les effets sanitaires tels que les irritations oculaires cessent d√®s que l‚Äôexposition s‚Äôarr√™te, mais les expositions r√©p√©t√©es peuvent jouer un r√¥le dans l‚Äôapparition ou l‚Äôaggravation de l‚Äôasthme infantile.",,,,,,,,,,,x,Interm√©diaire,Enfants allant dans les piscines couvertes.,https://www.atmo-auvergnerhonealpes.fr/article/activites-physiques-et-qualite-de-lair-bien-respirer-pour-bien-bouger,Activit√© physique en piscine couverte.,Agir pour sa sant√©
Utilisable,"Pour faire du sport, il vaut mieux privil√©gier les parcs, les zones pi√©tonnes, les rues peu circulantes et les espaces bien ventil√©s.","üí° En ville, en choisissant o√π l‚Äôon pratique son activit√© sportive, les concentrations moyennes annuelles en polluants peuvent √™tre de 20 √† 40 % (selon les polluants) plus faibles que lorsque l‚Äôon est proche des axes de circulation.",,,,,,,,,x,,,Interm√©diaire,Population g√©n√©rale,https://www.atmo-auvergnerhonealpes.fr/article/activites-physiques-et-qualite-de-lair-bien-respirer-pour-bien-bouger,Activit√© physique,Agir pour sa sant√©
Utilisable,"Ce weekend, faire une balade √† v√©lo en dehors de {{contact.VILLE}}.",üí°Des id√©es de parcours √† v√©lo dans toutes la France sur le site de la F√©d√©ration fran√ßaise de cyclotourisme : https://veloenfrance.fr/,,,,,x,,,,,,,,Cyclistes,,Activit√© physique,Agir pour sa sant√©
Utilisable,Il est conseill√© de confier l‚Äôinstallation des appareils de combustion √† des professionnels qualifi√©s et de les utiliser conform√©ment √† leur notice d‚Äôutilisation fournie par le fabricant.,‚ÑπÔ∏è Pour apprendre √† se chauffer mieux et moins cher.,,,,,,,,,,,,,Population g√©n√©rale,"OQAI, ""les bons gestes pour un bon air"".",Appareil de Combustion,
Utilisable,Faire v√©rifier sa chaudi√®re avant la p√©riode de froid par un professionnel qualifi√© et faire faire une fois par an une v√©rification compl√®te.,"‚ÑπÔ∏è Une chaudi√®re entretenue r√©guli√®rement a une dur√©e de vie plus longue, consomme moins de combustible, produit moins de gaz √† effet de serre et de polluants.

üí° https://www.faire.gouv.fr/ est le service public qui vous guide dans vos travaux de r√©novation √©nerg√©tique. ",,,,,,,,,,,,,Population g√©n√©rale,"OQAI, ""les bons gestes pour un bon air"".",Appareil de Combustion,
Utilisable,"V√©rifier que l‚Äô√©vacuation des fum√©es de la chemin√©e s‚Äôeffectue en dehors de l‚Äôimmeuble et que le conduit de fum√©e (conduit ma√ßonn√©, √©l√©ments embo√Æt√©s ou tubage en aluminium ou en acier inoxydable) soit en bon √©tat et non obstru√©. ","‚ÑπÔ∏è  Un ramonage est obligatoire une fois par an pour le gaz et deux fois par an pour le fioul, le bois et le charbon.",,,,,,,,,,,,Interm√©diaire,Population g√©n√©rale ayant une chemin√©e,"OQAI, ""les bons gestes pour un bon air"".",Appareil de Combustion,
Utilisable,"Les r√®gles d'usage des chauffe-eau et des petits appareils de cuisson non raccord√©s √† l'ext√©rieur :
- Les utiliser de fa√ßon intermittente
- Pour une courte dur√©e (8 minutes maximum)
- Dans une pi√®ce suffisamment grande et a√©r√©e (au moins 8 m3 pour un appareil de cuisson et 15 m3 pour un petit chauffe-eau)
- Ne pas les utiliser dans une salle-de-bains, une chambre √† coucher ou une salle de s√©jour et dans les studios.",,,,,,,,,,,,,,Population g√©n√©rale,"OQAI, ""les bons gestes pour un bon air"".",Appareil de Combustion,
Utilisable,"N‚Äôutilisez les appareils mobiles de chauffage fonctionnant au butane, au propane, au p√©trole que dans des locaux ventil√©s. Veillez √† ce qu‚Äôils soient munis de dispositifs de s√©curit√© avec contr√¥le d‚Äôatmosph√®re.","‚ÑπÔ∏è Il est important de bien entretenir le syst√®me de ventilation de son logement : ne pas boucher les entr√©es et sorties d‚Äôair, nettoyer et d√©poussi√©rer les grilles r√©guli√®rement.",,,,,,,,,,,,,Population g√©n√©rale,"OQAI, ""les bons gestes pour un bon air"".",Appareil de Combustion,
Utilisable,N‚Äôinstallez pas de hotte raccord√©e √† l‚Äôext√©rieur dans une pi√®ce o√π se trouve √©galement un appareil raccord√© √† un conduit de fum√©e car cela peut perturber gravement son fonctionnement. ,üí° Il est pr√©f√©rable d'installer dans ce cas une hotte √† recyclage d‚Äôair et de consulter un installateur.,,,,,,,,,,,,,Population g√©n√©rale,"OQAI, ""les bons gestes pour un bon air"".",Appareil de Combustion,
Utilisable,"Il est fortement conseill√© de ne jamais se chauffer avec le four d‚Äôune cuisini√®re (porte ouverte), un radiateur de camping destin√© √† l‚Äôext√©rieur, un brasero ou un appareil radiant de chantier. ",üí° https://www.faire.gouv.fr/ est le service public qui vous guide dans vos travaux de r√©novation √©nerg√©tique. ,,,,,,,,,,,,,Population g√©n√©rale,"OQAI, ""les bons gestes pour un bon air"".",Appareil de Combustion,
Utilisable,"En raison des risques incendies, ne faites pas fonctionner un groupe √©lectrog√®ne ou un barbecue dans un local ferm√©.","üí° Pour les consommateurs qui font un usage fr√©quent du barbecue √† charbon de bois, privil√©gier l‚Äôusage de charbon de bois √©pur√© (> 85% de carbone ou de cat√©gorie A) plut√¥t que de charbon de bois ordinaire.
üí° Pour en savoir plus sur la cuisson au barbecue : https://www.anses.fr/fr/system/files/Anses-CuissonauBBQ.pdf",,,,,,,,,,,,,Population g√©n√©rale,"OQAI, ""les bons gestes pour un bon air"".",Appareil de Combustion,
Utilisable,"Ne fumez jamais √† l‚Äôint√©rieur des locaux, surtout en pr√©sence d‚Äôenfants ou de femmes enceintes.","‚ÑπÔ∏è Le tabagisme maternel pendant la grossesse augmente le risque de survenue :
‚Ä¢ d'accidents  gravidiques  comme  les  h√©matomes  r√©troplacentaires  et  les  placentas  bas ins√©r√©s, 
‚Ä¢ de retard de croissance intra-ut√©rin, 
‚Ä¢ de pr√©maturit√©, 
‚Ä¢ de mort subite du nourrisson
‚Ä¢ une consommation globale de soins plus importante dans la petite enfance.",,,,,,,,,,,x,,Fumeurs,"OQAI, ""les bons gestes pour un bon air"".",Tabagisme,
Utilisable,"Si une personne fume en votre pr√©sence, augmentez l‚Äôa√©ration de la pi√®ce.",üí°L‚Äôa√©ration et la ventilation restent les moyens les plus efficaces d'am√©liorer votre air int√©rieur.,,,,,,,,,,,,,Fumeur passif,"OQAI, ""les bons gestes pour un bon air"".",Tabagisme,
Utilisable,"R√©parez les fuites, les infiltrations d‚Äôeau chroniques (toitures, tuyauterie, plomberie, joints, ma√ßonnerie, menuiseries ...) le plus rapidement possible","‚ÑπÔ∏è Les moisissures ont des effets n√©gatifs sur la sant√©, elles exacerbent les allergies respiratoires et l'asthme. Avis de l'Anses sur les moisissures.",,,,,,,,,,,,,Population g√©n√©rale,"OQAI, ""les bons gestes pour un bon air"".",Humidit√© et  moisissures,
Utilisable,"Apr√®s un d√©g√¢t des eaux, ass√©chez le plus rapidement possible et remplacez si n√©cessaire les mat√©riaux fortement endommag√©s (matelas, tapis, meubles recouverts de tissus, placopl√¢tre, etc.).","‚ÑπÔ∏è Les moisissures ont des effets n√©gatifs sur la sant√©, elles exacerbent les allergies respiratoires et l'asthme. Avis de l'Anses sur les moisissures.",,,,,,,,,,,,,Population g√©n√©rale,"OQAI, ""les bons gestes pour un bon air"".",Humidit√© et  moisissures,
Utilisable,"Ventilez apr√®s les activit√©s qui produisent beaucoup d‚Äôhumidit√© (bain, douche, lessive, cuisson, etc.) pour √©viter la condensation de l‚Äôeau sur les surfaces (murs, meubles, etc.).","‚ÑπÔ∏è Les moisissures ont des effets n√©gatifs sur la sant√©, elles exacerbent les allergies respiratoires et l'asthme. Avis de l'Anses sur les moisissures.",,,,,,,,,,,,,Population g√©n√©rale,"OQAI, ""les bons gestes pour un bon air"".",Humidit√© et  moisissures,
Utilisable,"Evitez de faire s√©cher le linge √† l‚Äôint√©rieur (sinon, pensez √† a√©rer).","üí° Si vous utilisez un s√®che-linge, v√©rifiez que l‚Äôair de l‚Äôappareil est √©vacu√© vers l‚Äôext√©rieur ou videz et nettoyez r√©guli√®rement le r√©servoir d‚Äôeau si votre appareil fonctionne avec un syst√®me √† condensation. ",,,x,x,,,,,,,,,Population g√©n√©rale,"OQAI, ""les bons gestes pour un bon air"".",Humidit√© et  moisissures,
Utilisable,"Faites faire un entretien complet de votre VMC tous les 3 ans environ  (nettoyage, maintien des gaines, v√©rification des entr√©es d‚Äôair, etc.)","‚ÑπÔ∏è L‚Äôair que l‚Äôon respire l'int√©rieur peut-√™tre de moins bonne qualit√© que l‚Äôair ext√©rieur, parfois tr√®s nettement car √† l‚Äôair ext√©rieur (parfois pollu√©) qui p√©n√®tre dans le logement s‚Äôajoutent les polluants sp√©cifiques de l‚Äôair int√©rieur.
Plus d'information sur la ventilation de votre logement : https://huit.re/ventilation",,,,,,,,,,,,,Population g√©n√©rale,"OQAI, ""les bons gestes pour un bon air"".",Ventalisation et a√©ration,
Utilisable,Utilisez et entretenez votre hotte de cuisine (nettoyez ou changez les filtres) r√©guli√®rement.,"üí°Il existe deux types de hottes aspirantes : 
- les hottes √† extractions : elles rejettent l'air aspir√© √† l'ext√©rieur du b√¢timent par un conduit d'√©vacuation.
- les hottes √† recyclage : elles renvoient dans la cuisine l'air aspir√© et filtr√©.  ",,,,,,,,,,,,,Population g√©n√©rale,"OQAI, ""les bons gestes pour un bon air"".",Ventalisation et a√©ration,
Utilisable,A√©rez pendant plusieurs jours les pi√®ces dans une habitation qui vient d‚Äô√™tre construite ou r√©nov√©e ou apr√®s installation de nouveaux mobiliers ou d√©coration.,"‚ÑπÔ∏è Les mat√©riaux et mobiliers neufs continennent des Compos√©s Organiques Volatils qui s'√©vaporent dans votre logement et ont des effets n√©gatifs sur la sant√© (troubles respiratoirs, irritation des yeux, r√©actions allergiques...). 

üí°Les COV sont contenus dans de nombreux produits et mat√©riaux tels les d√©sodorisants, les laques, les vernis, les peintures, les colles, les parquets, les solvants, les cires, les produits nettoyants, etc.
",,,,,,,,,,,,,Population g√©n√©rale,"OQAI, ""les bons gestes pour un bon air"".",Ventalisation et a√©ration,
Utilisable,"Veillez √† maintenir ferm√©e la porte de communication entre le garage ou la cave et votre logement afin d‚Äô√©viter les √©manations provenant de la chaudi√®re, des gaz d‚Äô√©chappement de la voiture ou de tout autre stockage de produits (entretien, bricolage, jardinage).",‚ÑπÔ∏è  Le fait de garer sa voiture dans un garage int√©gr√© au lieu de r√©sidence peut augmenter notablement les concentrations de  benz√®ne dans les pi√®ces d‚Äô habitation.,,,,,,,x,x,,,,,Population g√©n√©rale,"OQAI, ""les bons gestes pour un bon air"".","Construction, bricolage",
Non-utilisable,"Si vous habitez dans un d√©partement class√© prioritaire face au risque radon, adoptez les mesures de r√©duction appropri√©es en fonction de la concentration en radon dans votre logement.","En zone d‚Äôexposition au radon, les m√©thodes d‚Äôatt√©nuation sont choisies au cas par cas :
- am√©liorer le renouvellement de l'air int√©rieur;
- renforcer l'√©tanch√©it√© entre le sol et le b√¢timent;
- mettre le logement en surpression via une ventilation double flux par exemple, pour ne pas retenir le radon dans le sol.",,,,,,,,,,,,,Population g√©n√©rale,"OQAI, ""les bons gestes pour un bon air"".","Construction, bricolage",
Utilisable,"Bien choisir les produits de construction et de d√©coration selon l‚Äôusage √† en faire (par exemple, pas de peinture r√©serv√©e aux travaux d‚Äôext√©rieur √† l‚Äôint√©rieur des habitations).","üí° Depuis 2013, tous les produits de construction et d√©coration (cloisons, rev√™tements de sols, isolants, peintures, vernis, colles, adh√©sifs) sont munis d'une √©tiquette qui indique leur niveau d‚Äô√©mission en polluants volatils, du moins polluant A+ au plus polluant C.",,,,,,,,,,,,,Population g√©n√©rale,"OQAI, ""les bons gestes pour un bon air"".","Construction, bricolage",
Utilisable,"Lors de l'achat de produits de construction, de d√©coration ou d‚Äôameublement, il est important de se renseigner aupr√®s des fabriquant sur les √©missions chimiques potentielles de ces produits.","üí° Depuis 2013, tous les produits de construction et d√©coration (cloisons, rev√™tements de sols, isolants, peintures, vernis, colles, adh√©sifs) sont munis d'une √©tiquette qui indique leur niveau d‚Äô√©mission en polluants volatils, du moins polluant A+ au plus polluant C.",,,,,,,,,,,,,Population g√©n√©rale,"OQAI, ""les bons gestes pour un bon air"".","Construction, bricolage",
Utilisable,"Lors de l'utilisation de produits m√©nagers ou de bricolage, respecter les dosages et les consignes d‚Äôutilisation des produits sur les √©tiquettes (ex : ¬´ne pas utiliser dans un local ferm√©¬ª, ¬´ne pas inhaler les vapeurs¬ª, ¬´temps de s√©chage des peintures √† respecter¬ª...)","‚ÑπÔ∏èPour conna√Ætre la signification des pictogrammes de danger pr√©sents sur les √©tiquettes : https://huit.re/pictogrammes-produits
üí°Une √©tiquette ¬´ 100 % naturel ¬ª ou ¬´√† base de produits naturels¬ª peut √™tre trompeuse.",,,,,,,,,,,,,Population g√©n√©rale,"OQAI, ""les bons gestes pour un bon air"".","Construction, bricolage",
Utilisable,"Lors de l'utilisation de produits m√©nagers ou de bricolage, faire attention aux pictogrammes de danger sur les √©tiquettes. Utiliser les produits dans des endroits a√©r√©s.","‚ÑπÔ∏èPour conna√Ætre la signification des pictogrammes de danger pr√©sents sur les √©tiquettes : https://huit.re/pictogrammes-produits
üí°Une √©tiquette ¬´ 100 % naturel ¬ª ou ¬´√† base de produits naturels¬ª peut √™tre trompeuse.",,,?,,,,,,,,,,Population g√©n√©rale,"OQAI, ""les bons gestes pour un bon air"".","Construction, bricolage",
Utilisable,"Dans son logement, stocker les produits chimiques loin des sources de chaleur, dans un endroit ventil√©.",‚ÑπÔ∏è Les produits m√©nagers courants contiennent des substances issues de la p√©trochimie nocives pour la sant√©. Pour en savoir plus : https://huit.re/infographie-ademe,,,,,,,,,,,,,Population g√©n√©rale,"OQAI, ""les bons gestes pour un bon air"".","M√©nage, entretien",
Utilisable,"Respectez les dosages et les consignes d‚Äôutilisation mentionn√©es sur les √©tiquettes des produits m√©nagers ou de bricolage: ¬´ne pas utiliser dans un local ferm√©¬ª, ¬´ne pas inhaler les vapeurs¬ª, etc","‚ÑπÔ∏èPour conna√Ætre la signification des pictogrammes de danger pr√©sents sur les √©tiquettes : https://huit.re/pictogrammes-produits
üí°Une √©tiquette ¬´ 100 % naturel ¬ª ou ¬´√† base de produits naturels¬ª peut √™tre trompeuse.",,,,,,,,,,,,,Population g√©n√©rale,"OQAI, ""les bons gestes pour un bon air"".","M√©nage, entretien",
Utilisable,"Lors de l‚Äôutilisation de produits m√©nagers ou de bricolage, faire attention √† l'√©tiquette et aux pictogrammes de danger. Utiliser les produits dans des endroits a√©r√©s. ","‚ÑπÔ∏èPour conna√Ætre la signification des pictogrammes de danger pr√©sents sur les √©tiquettes : https://huit.re/pictogrammes-produits
üí°Une √©tiquette ¬´ 100 % naturel ¬ª ou ¬´√† base de produits naturels¬ª peut √™tre trompeuse.",,,,,,,,,,,,,Population g√©n√©rale,"OQAI, ""les bons gestes pour un bon air"".","M√©nage, entretien",
Utilisable,"Limiter l'utilisation de parfums d‚Äôambiance, bougies ou encens.","‚ÑπÔ∏èDans les environnements int√©rieurs, la combustion
d‚Äôencens repr√©sente une source significative de polluants
volatils (notamment de benz√®ne) et de particules.
üí°En cas d'utilisation, bien a√©rer son logement. ",,,?,,,,,,,,,,Population g√©n√©rale,"OQAI, ""les bons gestes pour un bon air"".","M√©nage, entretien",
Utilisable,"Pour nettoyer les sols de son logement, il est pr√©f√©rable d'utiliser un m√©lange √† base d'eau plut√¥t qu'un simple balayage afin d'√©viter la remise en suspension des poussi√®res.","‚ÑπÔ∏èA√©rer votre logement apr√®s le nettoyage des sols. 
üí°Vous pouvez √©galement utiliser des aspirateurs √©quip√©s de filtres HEPA (Haute Efficacit√© pour les Particules A√©riennes).",,,,,,,,,,,,,Population g√©n√©rale,"OQAI, ""les bons gestes pour un bon air"".","M√©nage, entretien",
Utilisable,Nettoyer les sols de son logement avec un m√©lange √† base d'eau plut√¥t qu'un balayage simple pour √©viter la remise en suspension des poussi√®res. ,"üí°Si vous √™tes allergique aux acariens, mettre une house anti-acariens autour de votre matelas. ",,,,,,,,,,,,,Population g√©n√©rale,"OQAI, ""les bons gestes pour un bon air"".","M√©nage, entretien",
Utilisable,A√©rez les v√™tements apr√®s un nettoyage √† sec chez le pressing.,"‚ÑπÔ∏èLe perchlor√©thyl√®ne (√©galement appel√© t√©trachloro√©thyl√®ne, PER ou perchlo) est un solvant tr√®s volatile utilis√© dans les pressings, notamment pour le nettoyage √† sec des v√™tements. Ce produit est nocif pour l'environnement et l'homme, il irrite les voies respiratoires.",,,,,,,,,,,,,Population g√©n√©rale,"OQAI, ""les bons gestes pour un bon air"".","M√©nage, entretien",
Utilisable,Il est conseill√© de passer l'aspirateur deux fois par semaine dans son logement pour r√©duire la poussi√®re. ,‚ÑπÔ∏èLa poussi√®re peut entra√Æner des allergies ou de l'asthme chez les personnes sensibles.,,,,,,,,,,,,,Populations sensibles,"OQAI, ""les bons gestes pour un bon air"".",Populations sensibles,
Utilisable,"Les petits objets ou bibelots sont des pi√®ges √† poussi√®re, il est important de les nettoyer r√©guli√®rement √† l'aide d'un chiffon en microfibre.",üí°Vous pouvez sinon les placer dans une vitrine. ,,,,,,,,,,,,,Populations sensibles,"OQAI, ""les bons gestes pour un bon air"".",Populations sensibles,
Utilisable,A√©rez votre logement en ouvrant les fen√™tres.,"üí° M√™me si vous disposez d'un syst√®me de ventilation, il faut aussi a√©rer en ouvrant les fen√™tres. La ventilation √† elle seule ne permet pas d'√©vacuer les polluants et l‚Äôhumidit√© produits par certaines activit√©s (cuisine, douche, s√©chage du linge humide, utilisation de produits chimiques, etc.)",,,,,,,,,,,,Facile,"Pas de conditions particuli√®res, s'applique √† l'ensemble de la population.",,Air int√©rieur,Agir pour sa sant√©
Utilisable,A√©rez votre logement en ouvrant les fen√™tres.,"‚ÑπÔ∏è Attention : Ne jamais laisser un enfant seul dans une pi√®ce avec une fen√™tre ouverte ou sur un balcon, il risquerait de chuter.
üí° Pour cela, il est conseill√© de ne jamais placer de meubles ou objets sous les fen√™tres ou sur le balcon.",,,,,,,,,,,x,Facile,"Pas de conditions particuli√®res, s'applique √† l'ensemble de la population. Parents d'enfant.",,Accidents de la vie courante,Agir pour sa sant√©
Utilisable,"M√™me en hiver, il est important d'a√©rer son logement en ouvrant les fen√™tres.","üí°Durant l'a√©ration, il est conseill√© d'√©teindre ou de baisser au minimum les appareils de chauffage √† proximit√© des fen√™tres pour ne pas d√©penser inutilement de l‚Äô√©nergie. Veillez √† les remettre en marche une fois les fen√™tres referm√©es",,,,,,,,,,,,Facile,"En hiver. Pas de conditions particuli√®res, s'applique √† l'ensemble de la population.","Guide de la pollution de l'air int√©rieur de l'Inpes (l'Inpes n'existant plus, nous ne pouvons plus renvoyer vers ce guide) : https://solidarites-sante.gouv.fr/IMG/pdf/Guide_INPES_Pollution_de_l_air_interieur.pdf",Air int√©rieur,Agir pour sa sant√©
Utilisable,"Il est important de bien entretenir le syst√®me de ventilation de son logement : ne pas boucher les entr√©es et sorties d‚Äôair, nettoyer et d√©poussi√©rer les grilles r√©guli√®rement.
","‚ÑπÔ∏è Faire v√©rifier les syst√®mes de ventilation m√©canique contr√¥l√©e (VMC) tous les 3 ans par un sp√©cialiste.
Plus d'information sur la ventilation de votre logement : https://huit.re/ventilation",,,,,,,,,,,,,,Bureau EA2 du MSS,A√©ration,
Utilisable,Il est pr√©f√©rable de sortir les plantes d'int√©rieur √† l'ext√©rieur pour les traiter afin d'√©viter que les pesticides ne se r√©pandent dans l'air de votre logement.,"‚ÑπÔ∏èSi c'est impossible, ouvrir largement les fen√™tres pendant le traitement et quelques heures apr√®s. 
üí°Utiliser des produits naturels (comme un m√©lange vinaigre blanc, eau et sel) ou des produits lab√©lis√©s Ecolabel.",,,x,x,,,,,,,,Facile,Population g√©n√©rale,Guide Inpes sur la QAI,Air int√©rieur/allerg√®nes,Agir pour sa sant√©
Utilisable,"Il est conseill√© de laver r√©guli√®rement les animaux de compagnie, de les brosser si possible √† l‚Äôext√©rieur, et de leur interdire l'acc√®s aux chambres. ","‚ÑπÔ∏èLa pr√©sence d'animaux de compagnie dans un logement peut d√©clencher des allergies, notamment chez les enfants. 
üí°Les allerg√®nes ne sont pas directement li√©s aux poils des animaux, elles sont s√©cr√©t√©es par les animaux et pr√©sentes dans tous les liquides corporels : larmes, salives, urines, glandes anales, glandes s√©bac√©es... Il existe une glande √† la base de chaque poil qui s√©cr√®te l'allerg√®ne rendant les poils allergisants. En se l√©chant, l'animal en ajoute sur le poil.",,,,,,,,,,,,Facile,Population g√©n√©rale,Guide Inpes sur la QAI,Air int√©rieur/allerg√®nes,Agir pour sa sant√©
Utilisable,"Chez soi, √©viter l‚Äôabondance de tapis, de moquettes et de tentures qui favorise l‚Äôaccumulation de poussi√®res et la prolif√©ration des acariens",‚ÑπÔ∏èLa poussi√®re et les acariens entrapinent des allergies et/ou de l'asthme chez les personnes sensibles.,,,,,,,,,,,,Facile,Population g√©n√©rale,Guide Inpes sur la QAI,Air int√©rieur/allerg√®nes,Agir pour sa sant√©
Utilisable,"Lors de travaux, il est conseill√© de passer l'aspirateur r√©guli√®rement pour √©liminer la poussi√®re g√©n√©r√©e.",‚ÑπÔ∏èLa poussi√®re peut entra√Æner des allergies ou de l'asthme chez les personnes sensibles.,,,,,,,,,,,,Facile,Population g√©n√©rale,Guide Inpes sur la QAI,Air int√©rieur/bricolage,Agir pour sa sant√©
Utilisable,"Pratiquer une activit√© physique en ext√©rieur aujourd'hui, en privil√©giant les parcs et les zones pi√©tonnes.","üí° En ville, en choisissant o√π l‚Äôon pratique son activit√© sportive, les concentrations moyennes annuelles en polluants peuvent √™tre de 20 √† 40 % (selon les polluants) plus faibles que lorsque l‚Äôon est proche des axes de circulation.",,,,,,,,,,,,,,,,
Utilisable,"En v√©lo, √©viter les masques anti-pollution.",‚ÑπÔ∏è Ces masques vendus dans le commerce ne sont pas une bonne solution pour vous prot√©ger de la pollution. Ils ne filtrent pas les oxydes d‚Äôazote et rendent par ailleurs la respiration plus compliqu√©e. Vous risquez de vous mettre en hyperventilation et d‚Äôaugmenter ainsi votre exposition √† la pollution.,x,x,,,x,,,,,,,Facile,Population g√©n√©rale,Airparif,,Agir pour sa sant√©
Utilisable,"√Ä v√©lo, roulez de pr√©f√©rence pendant les heures creuses","‚ÑπÔ∏è Les niveaux de pollution varient tout au long de la journ√©e. Pour le dioxyde d‚Äôazote, ils sont plus importants pendant les heures de pointes du matin et du soir. √âvitez-les dans la mesure du possible.
üí° Sachez que malgr√© tout, mieux vaut faire du v√©lo dans des conditions pollu√©es que de rester s√©dentaire !
Pour en savoir plus : 
- Sciences Direct : Sciences Direct 
- Sant√© Publique France : Sant√© Publique France  ",,x,,,x,,,,,,,Facile,Population g√©n√©rale,Airparif,,